{"name":"Mange Docs with github","title":"Form Title","description":"","new_editor":true,"show_title_description":true,"showHeader":false,"showFooter":false,"lang":1,"columns":1,"status":true,"template":0,"limits":0,"fldIndex":2,"captcha":false,"IpTracking":true,"post_data_url":"","send_mail":true,"elements":[[{"properties":{"key":{"title":"Name","type":"text","value":"RecordID"},"use_system_value":{"value":""},"use_value_from":{"title":"Use value from","type":"text","value":"","placeholder":"Please type field id, eg fld12"},"value":{"title":"Value","type":"text","value":""},"field_id":{"value":true,"id":"fld2"},"isSetOrder":true,"subIndex":1,"styles":{"Container-1571822659092-574-1":{"options":{"top":100,"left":80,"width":250,"taborder":2},"container":{}}},"page":1},"isNew":true,"uid":"1571822659092-574-1","visible":"show","FieldTypeID":35,"FieldTypeName":"Hidden","FieldTypeDescription":"name,value propertesonly, it will be hidden from users,will be post to server","FieldTypeIsDataContainer":1,"FieldTypeIsForForm":1,"FieldTypeIsForReport":0,"FieldTypeConditionType":1,"FieldTypeIsBasic":0,"FieldTypeOrder":8,"FieldTypeIsLabelAssociated":0,"FieldTypeFormBuilderType":1,"FieldTypeReportBuilderType":null,"row":1,"storedSize":{"styles":{"width":250,"height":40}},"className":"Hidden-1571822659092-574-1","classUID":"1571822659092-574-1","hidePreview":false}],[],[],[]],"customEmailToFormOwner":{"isCustomEmailToFormOwner":false,"expression":"","expression_text":""},"additionalEmails":false,"customEmailFormat":{"isCustomEmail":false,"expression":"","expression_text":""},"isReplyToEmail":false,"replyToEmail":"","additionalEmailsList":"","additional_mails":"","custom_mail_format":"","redirect_url":"","redirectToUrl":false,"confirmation_text":"Thank you","confirmationText":true,"form_time_zone":2,"auto_translation":false,"delete_button_with_confirmation":"","user_notice":false,"unique_submission":false,"quota_limit":false,"quota_limit_count":0,"availableDateFrom":"2019-10-23T09:13:05.602Z","availableDateTo":"2019-10-23T09:13:05.602Z","availableFromTo":false,"disable":false,"acceleration":false,"chats":false,"heatmap":false,"randomize":false,"save2db":false,"autotranslate":false,"google_prediction":false,"geo_ip":false,"abTestingEnable":false,"typeOfForm":-1,"rules":[],"valueRule":[],"validIndicator":true,"errorIndicator":true,"dontSaveData":false,"generateBarCode":false,"usability":false,"seo":{"title":"","description":"","keywords":""},"submit":{"value":"Submit Form"},"securedLogo":false,"autocorrectForMobile":false,"customSubject":{"expression":null,"expression_text":null,"showEditor":false},"customHeader":{"expression":null,"expression_text":null,"showEditor":false},"customFooter":{"expression":null,"expression_text":null,"showEditor":false},"direction":{"isChecked":false,"value":"ltr"},"styles":{},"panelSettings":{"toolbar":{"isHide":true}},"PageBreak":{"header":"","footer":""},"ver":2,"abTestingConfig":{"forms":[]},"footer":{"elements":[{"FieldTypeName":"Button","properties":{"type":{"title":"Button Type:","type":"select","value":"submit","options":["submit","reset","print","draft","dummy","Salesforce Action","Visual Composer","Go Prev","Go Next","Go to page","Reset signature","Modal signature","Condition","SmartV Logout","Redirect","SSO Logout"]},"align":{"title":"Button align","type":"select","value":"auto","options":["auto","left","center","right"]},"user_tip":{"title":"User tip","type":"text","value":""},"img_btn_url":{"title":"Choose BackGround Image","type":"imageBackground","value":"","src":""},"default":{"title":"Button text","type":"text","value":"Submit"},"admin_field_only":{"title":"Admin Field","type":"checkbox","value":false},"unique_value":{"title":"Unique value","type":"checkbox","value":false},"confirmation_mode":{"title":"Confirmation mode","type":"checkbox","value":false},"onclick_action":{"title":"On click action","type":"checkbox","value":false},"prop_disabled":{"value":true},"field_id":{"value":true}}}],"sortableOptions":{"connectWith":".elements-list","placeholder":"placeholder-element","handle":".formElementHandle,#moveElement,.form-element","appendTo":"body","revert":"invalid","revertDuration":800,"scroll":false,"cursor":"move","delay":150}},"testing":{"list":[{"value":0,"label":"item1"},{"value":1,"label":"item2"}]},"analytics":{"viewID":""},"personalization":{"language":{"code":"en","name":"English","nativeName":"English"},"timezone":{},"geolocation":false,"submitMsg":"Submitting your form ...","showOptionalLabel":{"value":false,"label":"(Optional)"},"showMandatoryExplanation":{"value":false,"text":"* is mandatory field"}},"autofilter":false,"currentDevice":"Desktop","pagerCount":0,"ruller":{"leftLines":{},"topLines":{}},"ThemeID":511912,"id":1046615,"croNotifycation":{"cro":16},"wordMapping":{"labels":{"preview":"Preview","continue":"Continue","close":"Close","clickHere":"Click to sign","loading":"Document is loading","title":"New signature","drawSignature":"Draw new Signature","confirm":"Confirm","cancel":"Cancel","error":"Signature is mandatory"},"recordID":"1571822659092-574-1","enabled":true,"documentName":"1046615_wordMapping.docx","templateName":"1046615_wordTemplateMapping.docx","query":[{"prettyName":"Account - account","comment":"account","uid":"Object7c1741560dd740d48200a813584139a4","name":"Account","conditions":[{"field":"Id","condition":"equals","value":{"type":{"type":"RecordID","key":"RecordID","text":"RecordID"},"value":""},"bracket":"","postCondition":""}],"returnRows":"first","limit":1,"fields":["Id","Name"],"Images":{},"refs":[],"customParseField":{},"ordering":{"fields":[{"field":{"name":"Id"},"type":"desc"}],"isEnable":false}},{"prettyName":"Contact - contacts","comment":"contacts","uid":"Object1de9184b086b432cb96d0247988db427","name":"Contact","conditions":[{"field":"AccountId","condition":"equals","value":{"type":{"type":"object","key":"Account","objectKey":"Account","text":"#1 Account - account","prettyName":"Account - account","uid":"Object7c1741560dd740d48200a813584139a4"},"value":"Id"},"bracket":"","postCondition":""}],"returnRows":"all","limit":50,"fields":["Id","FirstName","LastName","Email"],"Images":{},"refs":[],"customParseField":{},"ordering":{"fields":[{"field":{"name":"Id"},"type":"desc"}],"isEnable":false}}],"version":2,"documentClientName":"Template.docx"},"isValidRule":0,"ownrUrlExtension":"yoursubdomain","selectedFieldTypesList":{},"salesforceOutboundButton":{"platform":"prod","enabled":true,"mapRecordID":"1571822659092-574-1","sfItemSobject":"Account"},"formUrlExtension":"fta995a1d21621888033820","fillIntegration":{"salesforce":{"permissions":true,"sfListActions":[{"anyMatch":"skip","childrens":[],"comment":"Word mapping","customSkipMessage":"Skipped ...","gridFields":{},"isSFGetIntegration":true,"loadingMessage":"Loading...","multiMatchs":"first","platform":"prod","processOnCustomButton":true,"showLoadingMessage":true,"sobject":"Account","sobjectLabel":"Account","uid":"46396065-c99f-41cd-b5c8-6a390cbd9fff-0"},{"anyMatch":"skip","childrens":[],"comment":"Word mapping","customSkipMessage":"Skipped ...","gridFields":{},"isSFGetIntegration":true,"loadingMessage":"Loading...","multiMatchs":"first","platform":"prod","processOnCustomButton":true,"showLoadingMessage":true,"sobject":"Contact","sobjectLabel":"Contact","uid":"46727f66-8d26-4738-bd1f-e4737cbfcfff-1"}]}},"enabledVersions":true,"formVersionSettings":{"isUseGit":true,"repo":"TitanDocsAndWord","branch":"main"},"isCached":false,"isCachedHQImage":false}